-- phpMyAdmin SQL Dump
-- version 4.6.5.2
-- https://www.phpmyadmin.net/
--
-- Client :  127.0.0.1
-- Généré le :  Jeu 04 Mai 2017 à 23:55
-- Version du serveur :  10.1.21-MariaDB
-- Version de PHP :  7.1.1

SET SQL_MODE = "NO_AUTO_VALUE_ON_ZERO";
SET time_zone = "+00:00";


/*!40101 SET @OLD_CHARACTER_SET_CLIENT=@@CHARACTER_SET_CLIENT */;
/*!40101 SET @OLD_CHARACTER_SET_RESULTS=@@CHARACTER_SET_RESULTS */;
/*!40101 SET @OLD_COLLATION_CONNECTION=@@COLLATION_CONNECTION */;
/*!40101 SET NAMES utf8mb4 */;

--
-- Base de données :  `jallyy`
--

-- --------------------------------------------------------

--
-- Structure de la table `jal_champion`
--

CREATE TABLE `jal_champion` (
  `cha_id` int(9) NOT NULL,
  `cha_nom` varchar(50) COLLATE latin1_general_ci NOT NULL,
  `cha_image` varchar(100) COLLATE latin1_general_ci NOT NULL
) ENGINE=InnoDB DEFAULT CHARSET=latin1 COLLATE=latin1_general_ci ROW_FORMAT=COMPACT;

--
-- Contenu de la table `jal_champion`
--

INSERT INTO `jal_champion` (`cha_id`, `cha_nom`, `cha_image`) VALUES
(1, 'Aatrox', 'Aatrox'),
(2, 'Ahri', 'Ahri'),
(3, 'Akali', ''),
(4, 'Alistar', ''),
(5, 'Amumu', ''),
(6, 'Anivia', ''),
(7, 'Annie', ''),
(8, 'Ashe', ''),
(9, 'Azir', ''),
(10, 'Bard', ''),
(11, 'Blitzcrank', ''),
(12, 'Brand', ''),
(13, 'Braum', ''),
(14, 'Caitlyn', ''),
(15, 'Cassiopeia', ''),
(16, 'Cho\'gath', ''),
(17, 'Corki', ''),
(18, 'Darius', ''),
(19, 'Diana', ''),
(20, 'Dr. Mundo', ''),
(21, 'Draven', ''),
(22, 'Ekko', ''),
(23, 'Elise', ''),
(24, 'Evelynn', ''),
(25, 'Ezreal', ''),
(26, 'FiddleSticks', ''),
(27, 'Fiora', ''),
(28, 'Fizz', ''),
(29, 'Galio', ''),
(30, 'Gangplank', ''),
(31, 'Garen', ''),
(32, 'Gnar', ''),
(33, 'Gragas', ''),
(34, 'Graves', ''),
(35, 'Hecarim', ''),
(36, 'Heimerdinger', ''),
(37, 'Illaoi', ''),
(38, 'Irelia', ''),
(39, 'Janna', ''),
(40, 'Jarvan IV', ''),
(41, 'Jax', ''),
(42, 'Jayce', ''),
(43, 'Jhin', ''),
(44, 'Jinx', ''),
(45, 'Kalista', ''),
(46, 'Karma', ''),
(47, 'Karthus', ''),
(48, 'Kassadin', ''),
(49, 'Katarina', ''),
(50, 'Kayle', ''),
(51, 'Kennen', ''),
(52, 'Kha\'Zix', ''),
(53, 'Kindred', ''),
(54, 'Kog\'Maw', ''),
(55, 'LeBlanc', ''),
(56, 'Lee Sin', ''),
(57, 'Leona', ''),
(58, 'Lissandra', ''),
(59, 'Lucian', ''),
(60, 'Lulu', ''),
(61, 'Lux', ''),
(62, 'Malphite', ''),
(63, 'Malzahar', ''),
(64, 'Maokai', ''),
(65, 'Maître Yi', ''),
(66, 'Miss Fortune', ''),
(67, 'Mordekaiser', ''),
(68, 'Morgana', ''),
(69, 'Nami', ''),
(70, 'Nasus', ''),
(71, 'Nautilus', ''),
(72, 'Nidalee', ''),
(73, 'Nocturne', ''),
(74, 'Nunu', ''),
(75, 'Olaf', ''),
(76, 'Orianna', ''),
(77, 'Pantheon', ''),
(78, 'Poppy', ''),
(79, 'Quinn', ''),
(80, 'Rammus', ''),
(81, 'Rek\'Sai', ''),
(82, 'Renekton', ''),
(83, 'Rengar', ''),
(84, 'Riven', ''),
(85, 'Rumble', ''),
(86, 'Ryze', ''),
(87, 'Sejuani', ''),
(88, 'Shaco', ''),
(89, 'Shen', ''),
(90, 'Shyvana', ''),
(91, 'Singed', ''),
(92, 'Sion', ''),
(93, 'Sivir', ''),
(94, 'Skarner', ''),
(95, 'Sona', ''),
(96, 'Soraka', ''),
(97, 'Swain', ''),
(98, 'Syndra', ''),
(99, 'Tahm Kench', ''),
(100, 'Talon', ''),
(101, 'Taric', ''),
(102, 'Teemo', ''),
(103, 'Thresh', ''),
(104, 'Tristana', ''),
(105, 'Trundle', ''),
(106, 'Tryndamere', ''),
(107, 'Twisted Fate', ''),
(108, 'Twitch', ''),
(109, 'Udyr', ''),
(110, 'Urgot', ''),
(111, 'Varus', ''),
(112, 'Vayne', ''),
(113, 'Veigar', ''),
(114, 'Vel\'Koz', ''),
(115, 'Vi', ''),
(116, 'Viktor', ''),
(117, 'Vladimir', ''),
(118, 'Volibear', ''),
(119, 'Warwick', ''),
(120, 'Wukong', ''),
(121, 'Xerath', ''),
(122, 'Xin Zhao', ''),
(123, 'Yasuo', ''),
(124, 'Yorick', ''),
(125, 'Zac', ''),
(126, 'Zed', ''),
(127, 'Ziggs', ''),
(128, 'Zilean', ''),
(129, 'Zyra', '');

-- --------------------------------------------------------

--
-- Structure de la table `jal_compteur`
--

CREATE TABLE `jal_compteur` (
  `com_id` int(11) NOT NULL,
  `com_ip` varchar(50) NOT NULL,
  `com_date` varchar(20) NOT NULL
) ENGINE=InnoDB DEFAULT CHARSET=latin1 ROW_FORMAT=DYNAMIC;

--
-- Contenu de la table `jal_compteur`
--

INSERT INTO `jal_compteur` (`com_id`, `com_ip`, `com_date`) VALUES
(1, '947', 'cpt'),
(2, '46.127.167.113', '30-11-2014'),
(3, '84.74.112.218', '30-11-2014'),
(4, '83.76.207.238', '30-11-2014'),
(5, '178.237.81.79', '30-11-2014'),
(6, '66.249.92.69', '30-11-2014'),
(7, '66.249.92.63', '30-11-2014'),
(8, '66.249.92.57', '30-11-2014'),
(9, '46.253.189.167', '01-12-2014'),
(10, '89.145.95.42', '01-12-2014'),
(11, '46.253.189.160', '01-12-2014'),
(12, '54.172.196.76', '01-12-2014'),
(13, '208.78.85.243', '01-12-2014'),
(14, '66.249.83.192', '01-12-2014'),
(15, '66.119.41.34', '01-12-2014'),
(16, '81.161.59.17', '01-12-2014'),
(17, '74.125.63.33', '01-12-2014'),
(18, '27.50.67.24', '01-12-2014'),
(19, '79.94.238.31', '01-12-2014'),
(20, '2.245.184.101', '01-12-2014'),
(21, '69.164.111.198', '01-12-2014'),
(22, '46.236.24.53', '01-12-2014'),
(23, '31.164.1.86', '01-12-2014'),
(24, '66.249.67.72', '01-12-2014'),
(25, '91.52.208.85', '01-12-2014'),
(26, '178.194.69.227', '02-12-2014'),
(27, '195.176.237.23', '05-12-2014'),
(28, '195.176.237.21', '05-12-2014'),
(29, '54.174.140.174', '05-12-2014'),
(30, '54.174.166.238', '05-12-2014'),
(31, '91.97.18.81', '05-12-2014'),
(32, '66.249.81.187', '05-12-2014'),
(33, '85.6.237.182', '05-12-2014'),
(34, '66.249.92.99', '05-12-2014'),
(35, '66.249.92.111', '05-12-2014'),
(36, '66.249.92.105', '05-12-2014'),
(37, '176.189.227.145', '05-12-2014'),
(38, '82.235.127.26', '05-12-2014'),
(39, '66.249.81.190', '06-12-2014'),
(40, '188.181.90.43', '06-12-2014'),
(41, '46.236.24.54', '06-12-2014'),
(42, '85.3.225.19', '06-12-2014'),
(43, '46.1.5.111', '06-12-2014'),
(44, '82.229.103.121', '06-12-2014'),
(45, '94.225.99.214', '06-12-2014'),
(46, '85.169.215.113', '06-12-2014'),
(47, '85.17.59.86', '06-12-2014'),
(48, '107.178.200.213', '06-12-2014'),
(49, '208.78.85.246', '06-12-2014'),
(50, '173.193.183.138', '06-12-2014'),
(51, '88.75.14.117', '06-12-2014'),
(52, '79.205.109.245', '06-12-2014'),
(53, '75.98.9.249', '07-12-2014'),
(54, '66.249.67.80', '07-12-2014'),
(55, '54.174.144.10', '07-12-2014'),
(56, '66.249.67.88', '07-12-2014'),
(57, '46.253.189.173', '08-12-2014'),
(58, '50.23.205.126', '08-12-2014'),
(59, '217.118.23.82', '08-12-2014'),
(60, '66.249.65.189', '08-12-2014'),
(61, '92.152.86.57', '08-12-2014'),
(62, '54.173.133.93', '08-12-2014'),
(63, '194.230.155.204', '09-12-2014'),
(64, '66.249.90.104', '09-12-2014'),
(65, '66.249.90.107', '09-12-2014'),
(66, '66.249.92.15', '09-12-2014'),
(67, '66.249.67.16', '09-12-2014'),
(68, '178.83.216.19', '09-12-2014'),
(69, '208.78.85.242', '09-12-2014'),
(70, '54.174.162.89', '09-12-2014'),
(71, '66.249.67.23', '09-12-2014'),
(72, '46.253.189.175', '10-12-2014'),
(73, '66.249.93.208', '10-12-2014'),
(74, '66.249.93.205', '10-12-2014'),
(75, '66.249.92.27', '10-12-2014'),
(76, '54.165.19.80', '10-12-2014'),
(77, '66.249.92.33', '10-12-2014'),
(78, '207.102.138.3', '11-12-2014'),
(79, '195.176.237.20', '11-12-2014'),
(80, '66.249.92.21', '11-12-2014'),
(81, '66.249.81.184', '11-12-2014'),
(82, '188.63.187.155', '11-12-2014'),
(83, '88.176.35.241', '11-12-2014'),
(84, '88.165.186.130', '11-12-2014'),
(85, '86.205.33.184', '11-12-2014'),
(86, '188.138.124.223', '11-12-2014'),
(87, '188.138.8.93', '11-12-2014'),
(88, '85.170.230.209', '11-12-2014'),
(89, '88.10.117.14', '11-12-2014'),
(90, '31.19.33.29', '11-12-2014'),
(91, '79.244.25.79', '11-12-2014'),
(92, '31.7.58.98', '11-12-2014'),
(93, '54.174.95.247', '11-12-2014'),
(94, '54.175.15.17', '11-12-2014'),
(95, '93.172.63.192', '11-12-2014'),
(96, '5.29.190.164', '11-12-2014'),
(97, '82.216.38.230', '11-12-2014'),
(98, '54.174.238.17', '11-12-2014'),
(99, '109.223.31.107', '11-12-2014'),
(100, '46.7.62.84', '11-12-2014'),
(101, '24.203.143.153', '11-12-2014'),
(102, '5.49.189.30', '11-12-2014'),
(103, '93.46.122.57', '11-12-2014'),
(104, '80.108.216.80', '11-12-2014'),
(105, '82.83.50.216', '11-12-2014'),
(106, '85.244.124.96', '11-12-2014'),
(107, '194.230.155.247', '12-12-2014'),
(108, '93.46.66.218', '12-12-2014'),
(109, '54.146.128.253', '13-12-2014'),
(110, '66.249.92.9', '13-12-2014'),
(111, '54.172.224.245', '13-12-2014'),
(112, '54.174.246.26', '13-12-2014'),
(113, '83.78.188.180', '13-12-2014'),
(114, '217.118.23.89', '13-12-2014'),
(115, '88.181.198.17', '13-12-2014'),
(116, '85.25.236.34', '13-12-2014'),
(117, '90.41.17.50', '13-12-2014'),
(118, '84.102.184.186', '13-12-2014'),
(119, '216.38.216.197', '13-12-2014'),
(120, '66.249.92.93', '13-12-2014'),
(121, '95.20.7.225', '13-12-2014'),
(122, '5.246.161.32', '13-12-2014'),
(123, '54.173.143.75', '13-12-2014'),
(124, '54.165.11.38', '13-12-2014'),
(125, '176.184.49.41', '13-12-2014'),
(126, '77.196.232.110', '13-12-2014'),
(127, '54.172.106.34', '13-12-2014'),
(128, '85.25.73.220', '13-12-2014'),
(129, '178.198.184.17', '14-12-2014'),
(130, '66.249.64.156', '14-12-2014'),
(131, '66.249.64.152', '14-12-2014'),
(132, '217.234.75.132', '14-12-2014'),
(133, '66.249.89.81', '14-12-2014'),
(134, '66.249.64.160', '14-12-2014'),
(135, '92.106.100.14', '15-12-2014'),
(136, '46.253.189.165', '15-12-2014'),
(137, '83.165.180.28', '15-12-2014'),
(138, '54.165.189.165', '15-12-2014'),
(139, '66.249.75.64', '15-12-2014'),
(140, '66.249.91.176', '16-12-2014'),
(141, '92.163.122.191', '16-12-2014'),
(142, '188.138.8.91', '16-12-2014'),
(143, '66.249.91.167', '16-12-2014'),
(144, '62.174.79.254', '16-12-2014'),
(145, '88.167.152.223', '16-12-2014'),
(146, '217.118.23.106', '16-12-2014'),
(147, '66.249.91.185', '16-12-2014'),
(148, '89.145.95.2', '16-12-2014'),
(149, '54.172.171.1', '16-12-2014'),
(150, '54.209.86.235', '16-12-2014'),
(151, '194.230.159.124', '17-12-2014'),
(152, '82.145.209.187', '17-12-2014'),
(153, '77.153.83.64', '17-12-2014'),
(154, '85.25.176.85', '17-12-2014'),
(155, '78.222.142.9', '17-12-2014'),
(156, '46.126.198.242', '17-12-2014'),
(157, '66.249.90.110', '17-12-2014'),
(158, '54.165.237.179', '17-12-2014'),
(159, '50.97.84.116', '18-12-2014'),
(160, '178.197.236.41', '18-12-2014'),
(161, '54.175.72.10', '19-12-2014'),
(162, '88.188.168.135', '19-12-2014'),
(163, '188.97.241.135', '19-12-2014'),
(164, '62.35.18.249', '19-12-2014'),
(165, '78.112.13.72', '19-12-2014'),
(166, '85.25.176.196', '19-12-2014'),
(167, '84.197.199.149', '19-12-2014'),
(168, '92.227.206.18', '19-12-2014'),
(169, '86.208.26.154', '19-12-2014'),
(170, '217.118.23.116', '19-12-2014'),
(171, '54.173.11.59', '19-12-2014'),
(172, '37.132.179.219', '20-12-2014'),
(173, '212.215.208.200', '20-12-2014'),
(174, '37.106.179.133', '20-12-2014'),
(175, '188.117.111.129', '20-12-2014'),
(176, '178.201.68.89', '20-12-2014'),
(177, '2.11.182.193', '20-12-2014'),
(178, '92.144.143.37', '20-12-2014'),
(179, '82.246.182.114', '20-12-2014'),
(180, '87.79.253.250', '20-12-2014'),
(181, '77.131.13.153', '20-12-2014'),
(182, '78.225.76.63', '20-12-2014'),
(183, '2.25.97.71', '20-12-2014'),
(184, '199.115.116.97', '20-12-2014'),
(185, '82.234.251.54', '20-12-2014'),
(186, '199.115.116.88', '20-12-2014'),
(187, '95.112.247.37', '20-12-2014'),
(188, '77.195.179.44', '20-12-2014'),
(189, '197.157.128.138', '20-12-2014'),
(190, '93.1.244.78', '20-12-2014'),
(191, '217.118.23.104', '21-12-2014'),
(192, '95.113.94.59', '21-12-2014'),
(193, '54.175.18.175', '21-12-2014'),
(194, '207.46.13.48', '21-12-2014'),
(195, '134.3.184.173', '21-12-2014'),
(196, '79.11.182.156', '21-12-2014'),
(197, '85.25.236.17', '21-12-2014'),
(198, '188.138.8.124', '21-12-2014'),
(199, '81.164.183.245', '21-12-2014'),
(200, '92.155.120.233', '21-12-2014'),
(201, '89.88.238.142', '21-12-2014'),
(202, '66.249.75.96', '21-12-2014'),
(203, '87.13.230.47', '21-12-2014'),
(204, '84.195.137.199', '21-12-2014'),
(205, '82.228.169.35', '21-12-2014'),
(206, '77.196.177.245', '21-12-2014'),
(207, '85.169.212.59', '21-12-2014'),
(208, '82.123.138.244', '21-12-2014'),
(209, '66.249.88.186', '21-12-2014'),
(210, '66.249.75.80', '21-12-2014'),
(211, '86.214.36.162', '21-12-2014'),
(212, '192.54.145.146', '22-12-2014'),
(213, '54.172.44.18', '22-12-2014'),
(214, '217.118.23.109', '22-12-2014'),
(215, '31.39.114.6', '22-12-2014'),
(216, '141.39.226.225', '22-12-2014'),
(217, '95.248.77.160', '22-12-2014'),
(218, '90.47.227.134', '22-12-2014'),
(219, '194.230.159.179', '22-12-2014'),
(220, '83.13.81.170', '22-12-2014'),
(221, '82.12.251.116', '22-12-2014'),
(222, '208.78.85.244', '22-12-2014'),
(223, '82.226.194.194', '23-12-2014'),
(224, '88.180.229.47', '23-12-2014'),
(225, '88.120.142.125', '23-12-2014'),
(226, '85.170.168.43', '23-12-2014'),
(227, '2.2.38.211', '23-12-2014'),
(228, '81.67.39.113', '23-12-2014'),
(229, '194.230.159.186', '23-12-2014'),
(230, '159.253.145.183', '23-12-2014'),
(231, '87.56.106.249', '23-12-2014'),
(232, '87.56.105.167', '23-12-2014'),
(233, '77.23.115.0', '23-12-2014'),
(234, '91.62.84.222', '23-12-2014'),
(235, '54.165.66.211', '23-12-2014'),
(236, '47.62.33.213', '23-12-2014'),
(237, '94.224.49.216', '23-12-2014'),
(238, '83.253.238.27', '23-12-2014'),
(239, '213.89.191.62', '23-12-2014'),
(240, '86.192.32.245', '23-12-2014'),
(241, '85.7.62.217', '23-12-2014'),
(242, '78.114.224.122', '23-12-2014'),
(243, '85.58.9.167', '23-12-2014'),
(244, '54.174.138.170', '24-12-2014'),
(245, '83.54.133.204', '24-12-2014'),
(246, '90.47.189.220', '24-12-2014'),
(247, '188.178.124.117', '24-12-2014'),
(248, '85.25.176.58', '24-12-2014'),
(249, '93.2.215.119', '24-12-2014'),
(250, '88.161.142.12', '24-12-2014'),
(251, '83.97.200.185', '24-12-2014'),
(252, '83.41.218.188', '24-12-2014'),
(253, '90.227.248.51', '24-12-2014'),
(254, '92.155.115.132', '24-12-2014'),
(255, '217.118.23.117', '24-12-2014'),
(256, '66.249.89.79', '24-12-2014'),
(257, '66.249.89.77', '24-12-2014'),
(258, '173.193.183.139', '24-12-2014'),
(259, '82.247.47.203', '24-12-2014'),
(260, '87.165.254.206', '24-12-2014'),
(261, '87.221.197.98', '24-12-2014'),
(262, '93.230.115.226', '24-12-2014'),
(263, '197.30.99.7', '25-12-2014'),
(264, '2.173.214.58', '25-12-2014'),
(265, '85.17.59.82', '25-12-2014'),
(266, '107.178.200.221', '25-12-2014'),
(267, '54.174.230.201', '26-12-2014'),
(268, '54.175.45.155', '26-12-2014'),
(269, '66.249.91.85', '26-12-2014'),
(270, '66.249.91.69', '26-12-2014'),
(271, '66.249.91.77', '26-12-2014'),
(272, '194.254.162.60', '26-12-2014'),
(273, '66.249.64.119', '26-12-2014'),
(274, '66.249.64.123', '26-12-2014'),
(275, '66.249.64.115', '26-12-2014'),
(276, '66.249.81.202', '26-12-2014'),
(277, '204.101.161.159', '27-12-2014'),
(278, '31.150.52.75', '27-12-2014'),
(279, '66.249.81.199', '28-12-2014'),
(280, '77.132.167.143', '28-12-2014'),
(281, '2.238.75.70', '28-12-2014'),
(282, '66.249.69.159', '28-12-2014'),
(283, '85.218.81.15', '28-12-2014'),
(284, '79.94.83.9', '29-12-2014'),
(285, '89.28.113.238', '29-12-2014'),
(286, '37.201.195.8', '29-12-2014'),
(287, '66.249.81.196', '29-12-2014'),
(288, '5.147.112.63', '29-12-2014'),
(289, '81.35.164.104', '29-12-2014'),
(290, '92.152.140.200', '29-12-2014'),
(291, '85.230.206.238', '29-12-2014'),
(292, '66.249.69.175', '30-12-2014'),
(293, '90.224.70.29', '30-12-2014'),
(294, '81.232.133.80', '30-12-2014'),
(295, '78.213.147.4', '31-12-2014'),
(296, '83.196.244.233', '31-12-2014'),
(297, '38.99.82.191', '31-12-2014'),
(298, '54.160.192.56', '01-01-2015'),
(299, '66.249.67.143', '02-01-2015'),
(300, '54.175.28.128', '02-01-2015'),
(301, '66.249.93.199', '02-01-2015'),
(302, '89.186.183.82', '03-01-2015'),
(303, '89.29.250.63', '03-01-2015'),
(304, '90.52.151.194', '03-01-2015'),
(305, '181.74.92.200', '03-01-2015'),
(306, '92.135.34.84', '03-01-2015'),
(307, '109.19.231.7', '04-01-2015'),
(308, '93.2.178.94', '04-01-2015'),
(309, '109.192.162.92', '04-01-2015'),
(310, '5.56.210.184', '04-01-2015'),
(311, '66.249.67.24', '05-01-2015'),
(312, '86.215.204.200', '05-01-2015'),
(313, '92.102.179.5', '06-01-2015'),
(314, '217.217.105.44', '08-01-2015'),
(315, '95.62.245.65', '08-01-2015'),
(316, '54.197.173.137', '08-01-2015'),
(317, '197.0.182.5', '09-01-2015'),
(318, '86.81.9.13', '09-01-2015'),
(319, '143.176.29.46', '09-01-2015'),
(320, '157.55.39.170', '10-01-2015'),
(321, '157.55.39.166', '10-01-2015'),
(322, '66.249.67.151', '10-01-2015'),
(323, '134.245.225.46', '10-01-2015'),
(324, '78.56.175.120', '11-01-2015'),
(325, '87.151.141.158', '11-01-2015'),
(326, '79.228.158.122', '11-01-2015'),
(327, '143.176.87.66', '11-01-2015'),
(328, '79.153.47.178', '11-01-2015'),
(329, '78.172.19.14', '14-01-2015'),
(330, '87.181.237.142', '15-01-2015'),
(331, '89.182.222.252', '15-01-2015'),
(332, '134.3.113.73', '16-01-2015'),
(333, '91.63.235.102', '16-01-2015'),
(334, '85.180.10.73', '16-01-2015'),
(335, '66.249.89.59', '17-01-2015'),
(336, '90.17.83.187', '17-01-2015'),
(337, '78.231.139.162', '17-01-2015'),
(338, '5.48.243.241', '17-01-2015'),
(339, '213.44.31.42', '17-01-2015'),
(340, '173.176.25.222', '17-01-2015'),
(341, '90.0.77.34', '19-01-2015'),
(342, '78.115.75.10', '21-01-2015'),
(343, '185.42.240.13', '22-01-2015'),
(344, '217.173.185.54', '22-01-2015'),
(345, '178.198.158.238', '22-01-2015'),
(346, '178.82.26.167', '22-01-2015'),
(347, '178.82.21.210', '23-01-2015'),
(348, '78.248.175.146', '24-01-2015'),
(349, '95.91.251.58', '24-01-2015'),
(350, '188.26.221.225', '24-01-2015'),
(351, '207.244.82.231', '24-01-2015'),
(352, '86.52.223.189', '25-01-2015'),
(353, '86.10.215.241', '25-01-2015'),
(354, '79.18.41.194', '26-01-2015'),
(355, '157.55.39.63', '27-01-2015'),
(356, '92.148.228.142', '28-01-2015'),
(357, '66.249.67.135', '29-01-2015'),
(358, '31.151.75.202', '31-01-2015'),
(359, '66.249.67.31', '02-02-2015'),
(360, '66.249.65.185', '04-02-2015'),
(361, '66.249.65.181', '04-02-2015'),
(362, '66.249.65.164', '04-02-2015'),
(363, '66.249.65.172', '05-02-2015'),
(364, '79.93.123.45', '06-02-2015'),
(365, '66.249.93.193', '07-02-2015'),
(366, '217.226.72.20', '08-02-2015'),
(367, '66.249.67.89', '11-02-2015'),
(368, '66.249.92.77', '11-02-2015'),
(369, '66.249.67.81', '11-02-2015'),
(370, '66.249.67.73', '12-02-2015'),
(371, '66.249.81.211', '13-02-2015'),
(372, '66.249.88.213', '13-02-2015'),
(373, '66.249.81.205', '14-02-2015'),
(374, '66.249.67.144', '16-02-2015'),
(375, '66.249.81.217', '16-02-2015'),
(376, '64.233.172.194', '16-02-2015'),
(377, '66.249.64.153', '18-02-2015'),
(378, '66.249.64.161', '18-02-2015'),
(379, '66.249.64.120', '18-02-2015'),
(380, '89.217.92.36', '20-02-2015'),
(381, '66.249.64.157', '22-02-2015'),
(382, '52.11.0.103', '23-02-2015'),
(383, '188.63.61.125', '25-02-2015'),
(384, '66.249.89.111', '25-02-2015'),
(385, '66.249.89.107', '25-02-2015'),
(386, '128.79.235.98', '28-02-2015'),
(387, '74.214.194.27', '28-02-2015'),
(388, '74.214.194.26', '28-02-2015'),
(389, '66.249.90.113', '28-02-2015'),
(390, '23.20.222.187', '01-03-2015'),
(391, '54.248.153.153', '01-03-2015'),
(392, '54.206.141.121', '01-03-2015'),
(393, '54.189.97.142', '01-03-2015'),
(394, '54.219.117.34', '01-03-2015'),
(395, '84.74.115.113', '01-03-2015'),
(396, '66.249.64.124', '02-03-2015'),
(397, '66.249.64.116', '02-03-2015'),
(398, '66.249.81.214', '06-03-2015'),
(399, '68.180.228.233', '07-03-2015'),
(400, '81.101.200.33', '08-03-2015'),
(401, '52.11.148.162', '10-03-2015'),
(402, '66.249.75.97', '11-03-2015'),
(403, '66.249.75.65', '12-03-2015'),
(404, '66.249.75.81', '12-03-2015'),
(405, '66.249.69.160', '14-03-2015'),
(406, '46.127.166.25', '19-03-2015'),
(407, '66.249.67.136', '19-03-2015'),
(408, '157.55.39.67', '21-03-2015'),
(409, '37.219.236.234', '21-03-2015'),
(410, '95.33.22.78', '21-03-2015'),
(411, '37.219.14.120', '21-03-2015'),
(412, '112.220.201.150', '23-03-2015'),
(413, '134.21.144.203', '25-03-2015'),
(414, '83.78.209.10', '27-03-2015'),
(415, '88.178.108.98', '29-03-2015'),
(416, '78.233.116.178', '30-03-2015'),
(417, '87.113.213.172', '31-03-2015'),
(418, '92.193.33.180', '31-03-2015'),
(419, '178.32.237.60', '01-04-2015'),
(420, '207.46.13.9', '01-04-2015'),
(421, '66.249.65.168', '02-04-2015'),
(422, '128.179.99.49', '04-04-2015'),
(423, '77.134.159.84', '07-04-2015'),
(424, '66.249.92.113', '08-04-2015'),
(425, '80.57.133.110', '08-04-2015'),
(426, '90.29.5.115', '08-04-2015'),
(427, '66.249.92.71', '09-04-2015'),
(428, '31.184.238.55', '10-04-2015'),
(429, '157.55.39.236', '16-04-2015'),
(430, '66.249.64.81', '16-04-2015'),
(431, '85.192.74.174', '17-04-2015'),
(432, '66.249.64.77', '17-04-2015'),
(433, '66.249.64.58', '17-04-2015'),
(434, '66.249.64.79', '17-04-2015'),
(435, '82.235.125.207', '18-04-2015'),
(436, '46.253.189.168', '20-04-2015'),
(437, '66.249.67.152', '23-04-2015'),
(438, '66.102.6.186', '23-04-2015'),
(439, '66.249.84.193', '23-04-2015'),
(440, '66.102.6.177', '23-04-2015'),
(441, '195.176.237.30', '24-04-2015'),
(442, '178.38.66.78', '24-04-2015'),
(443, '88.166.122.9', '24-04-2015'),
(444, '66.249.69.80', '28-04-2015'),
(445, '66.249.75.49', '28-04-2015'),
(446, '66.249.75.33', '28-04-2015'),
(447, '66.249.69.88', '28-04-2015'),
(448, '66.249.75.41', '28-04-2015'),
(449, '109.27.139.13', '30-04-2015'),
(450, '89.156.22.255', '02-05-2015'),
(451, '66.249.65.234', '05-05-2015'),
(452, '66.249.65.227', '05-05-2015'),
(453, '66.249.65.220', '06-05-2015'),
(454, '89.217.70.173', '06-05-2015'),
(455, '66.249.64.169', '07-05-2015'),
(456, '66.249.64.130', '07-05-2015'),
(457, '66.249.64.136', '07-05-2015'),
(458, '66.249.67.154', '08-05-2015'),
(459, '66.249.67.128', '08-05-2015'),
(460, '83.78.108.184', '08-05-2015'),
(461, '66.249.67.141', '08-05-2015'),
(462, '66.249.65.191', '10-05-2015'),
(463, '208.107.41.62', '11-05-2015'),
(464, '66.249.64.252', '11-05-2015'),
(465, '198.245.62.10', '12-05-2015'),
(466, '66.249.89.82', '12-05-2015'),
(467, '180.76.5.27', '16-05-2015'),
(468, '66.249.64.184', '17-05-2015'),
(469, '78.123.236.81', '17-05-2015'),
(470, '178.199.87.199', '18-05-2015'),
(471, '66.249.89.67', '18-05-2015'),
(472, '66.249.64.164', '18-05-2015'),
(473, '66.249.67.214', '23-05-2015'),
(474, '188.155.189.30', '23-05-2015'),
(475, '81.28.203.141', '23-05-2015'),
(476, '66.249.67.226', '24-05-2015'),
(477, '207.46.13.69', '24-05-2015'),
(478, '66.249.65.205', '26-05-2015'),
(479, '66.249.69.72', '31-05-2015'),
(480, '66.249.67.238', '03-06-2015'),
(481, '198.154.251.110', '07-06-2015'),
(482, '91.68.185.99', '08-06-2015'),
(483, '78.34.35.56', '09-06-2015'),
(484, '212.66.119.89', '10-06-2015'),
(485, '157.55.39.86', '10-06-2015'),
(486, '89.115.127.144', '11-06-2015'),
(487, '90.48.62.213', '11-06-2015'),
(488, '66.249.64.9', '11-06-2015'),
(489, '177.182.116.116', '11-06-2015'),
(490, '66.249.64.3', '11-06-2015'),
(491, '177.128.81.114', '11-06-2015'),
(492, '66.249.64.125', '12-06-2015'),
(493, '81.84.206.107', '12-06-2015'),
(494, '93.222.14.48', '13-06-2015'),
(495, '191.14.45.33', '14-06-2015'),
(496, '85.186.191.220', '15-06-2015'),
(497, '66.249.67.76', '15-06-2015'),
(498, '66.249.67.64', '16-06-2015'),
(499, '66.249.67.111', '16-06-2015'),
(500, '66.249.67.70', '16-06-2015'),
(501, '191.189.253.233', '16-06-2015'),
(502, '66.249.67.105', '17-06-2015'),
(503, '201.55.31.20', '18-06-2015'),
(504, '31.203.72.106', '20-06-2015'),
(505, '162.209.84.156', '20-06-2015'),
(506, '201.55.112.22', '20-06-2015'),
(507, '150.70.173.37', '20-06-2015'),
(508, '93.118.207.249', '21-06-2015'),
(509, '66.249.64.47', '21-06-2015'),
(510, '188.61.74.67', '21-06-2015'),
(511, '66.249.64.42', '21-06-2015'),
(512, '77.149.225.89', '21-06-2015'),
(513, '66.249.64.174', '22-06-2015'),
(514, '58.175.14.80', '23-06-2015'),
(515, '189.22.20.2', '23-06-2015'),
(516, '181.213.38.206', '24-06-2015'),
(517, '187.181.186.88', '24-06-2015'),
(518, '109.88.221.121', '25-06-2015'),
(519, '95.143.152.118', '26-06-2015'),
(520, '197.203.49.157', '26-06-2015'),
(521, '217.162.163.205', '27-06-2015'),
(522, '196.192.38.204', '27-06-2015'),
(523, '200.115.27.254', '29-06-2015'),
(524, '201.79.15.173', '29-06-2015'),
(525, '217.195.248.146', '30-06-2015'),
(526, '179.126.132.17', '30-06-2015'),
(527, '189.120.88.223', '01-07-2015'),
(528, '122.176.97.93', '03-07-2015'),
(529, '177.132.130.239', '03-07-2015'),
(530, '182.64.210.95', '04-07-2015'),
(531, '150.70.97.69', '04-07-2015'),
(532, '150.70.75.212', '04-07-2015'),
(533, '150.70.75.206', '04-07-2015'),
(534, '177.83.100.40', '04-07-2015'),
(535, '131.100.240.2', '06-07-2015'),
(536, '89.2.142.55', '06-07-2015'),
(537, '167.114.35.207', '07-07-2015'),
(538, '201.42.63.246', '07-07-2015'),
(539, '151.42.19.220', '08-07-2015'),
(540, '201.86.254.108', '08-07-2015'),
(541, '94.165.150.156', '08-07-2015'),
(542, '71.30.185.37', '09-07-2015'),
(543, '84.78.69.61', '09-07-2015'),
(544, '177.201.49.124', '09-07-2015'),
(545, '66.249.84.241', '10-07-2015'),
(546, '179.236.83.100', '10-07-2015'),
(547, '98.145.151.194', '12-07-2015'),
(548, '78.15.141.80', '12-07-2015'),
(549, '207.46.13.78', '15-07-2015'),
(550, '68.180.230.54', '17-07-2015'),
(551, '79.85.215.17', '17-07-2015'),
(552, '66.249.75.172', '20-07-2015'),
(553, '66.249.75.181', '20-07-2015'),
(554, '66.249.75.190', '20-07-2015'),
(555, '66.249.64.20', '22-07-2015'),
(556, '68.180.228.242', '31-07-2015'),
(557, '150.70.75.167', '01-08-2015'),
(558, '150.70.97.130', '01-08-2015'),
(559, '66.249.93.214', '04-08-2015'),
(560, '177.194.107.251', '12-08-2015'),
(561, '105.154.120.218', '12-08-2015'),
(562, '177.11.92.138', '12-08-2015'),
(563, '131.161.180.10', '13-08-2015'),
(564, '105.228.151.228', '14-08-2015'),
(565, '66.249.93.220', '14-08-2015'),
(566, '66.249.67.117', '15-08-2015'),
(567, '177.124.88.2', '15-08-2015'),
(568, '191.246.240.63', '16-08-2015'),
(569, '189.56.17.92', '16-08-2015'),
(570, '187.55.137.178', '16-08-2015'),
(571, '187.109.142.13', '17-08-2015'),
(572, '187.0.67.113', '17-08-2015'),
(573, '191.247.231.156', '17-08-2015'),
(574, '157.55.39.19', '18-08-2015'),
(575, '177.96.233.109', '18-08-2015'),
(576, '197.231.155.20', '19-08-2015'),
(577, '187.26.39.3', '19-08-2015'),
(578, '66.249.79.70', '19-08-2015'),
(579, '66.249.79.105', '19-08-2015'),
(580, '66.249.79.76', '19-08-2015'),
(581, '187.62.7.113', '19-08-2015'),
(582, '112.210.103.47', '19-08-2015'),
(583, '190.183.254.7', '20-08-2015'),
(584, '66.249.79.64', '20-08-2015'),
(585, '190.80.95.139', '20-08-2015'),
(586, '191.250.225.73', '21-08-2015'),
(587, '177.7.226.187', '21-08-2015'),
(588, '149.254.219.118', '21-08-2015'),
(589, '200.141.121.146', '21-08-2015'),
(590, '77.134.21.175', '22-08-2015'),
(591, '186.219.2.6', '22-08-2015'),
(592, '87.15.131.132', '22-08-2015'),
(593, '112.207.109.232', '23-08-2015'),
(594, '90.37.189.45', '24-08-2015'),
(595, '187.63.168.192', '24-08-2015'),
(596, '201.75.135.233', '24-08-2015'),
(597, '189.47.46.20', '25-08-2015'),
(598, '186.219.210.54', '25-08-2015'),
(599, '66.249.83.160', '25-08-2015'),
(600, '66.249.83.163', '25-08-2015'),
(601, '66.249.88.145', '25-08-2015'),
(602, '81.214.151.76', '26-08-2015'),
(603, '177.18.237.244', '26-08-2015'),
(604, '191.242.176.126', '26-08-2015'),
(605, '186.244.58.100', '27-08-2015'),
(606, '189.90.249.77', '27-08-2015'),
(607, '66.249.88.132', '28-08-2015'),
(608, '66.249.88.138', '28-08-2015'),
(609, '178.238.167.61', '28-08-2015'),
(610, '132.255.187.252', '28-08-2015'),
(611, '177.132.199.84', '29-08-2015'),
(612, '212.56.137.66', '29-08-2015'),
(613, '186.194.209.8', '29-08-2015'),
(614, '150.70.75.213', '29-08-2015'),
(615, '189.81.97.209', '30-08-2015'),
(616, '74.126.67.134', '30-08-2015'),
(617, '179.228.118.11', '01-09-2015'),
(618, '181.64.229.216', '02-09-2015'),
(619, '191.180.104.3', '03-09-2015'),
(620, '173.0.63.77', '03-09-2015'),
(621, '66.249.79.220', '04-09-2015'),
(622, '91.121.221.15', '04-09-2015'),
(623, '186.233.166.123', '04-09-2015'),
(624, '176.9.10.227', '04-09-2015'),
(625, '79.88.234.56', '04-09-2015'),
(626, '179.108.54.126', '04-09-2015'),
(627, '207.46.13.122', '04-09-2015'),
(628, '157.55.39.101', '04-09-2015'),
(629, '177.33.196.162', '05-09-2015'),
(630, '179.107.18.114', '05-09-2015'),
(631, '42.113.153.236', '05-09-2015'),
(632, '189.100.207.146', '05-09-2015'),
(633, '200.206.203.168', '05-09-2015'),
(634, '91.230.202.131', '06-09-2015'),
(635, '177.206.135.4', '06-09-2015'),
(636, '186.47.189.182', '06-09-2015'),
(637, '198.27.64.33', '07-09-2015'),
(638, '62.167.51.48', '07-09-2015'),
(639, '89.163.144.138', '07-09-2015'),
(640, '124.66.135.238', '09-09-2015'),
(641, '186.227.185.36', '10-09-2015'),
(642, '66.249.93.217', '10-09-2015'),
(643, '189.131.160.176', '10-09-2015'),
(644, '198.27.82.153', '12-09-2015'),
(645, '46.246.203.218', '12-09-2015'),
(646, '79.168.232.47', '13-09-2015'),
(647, '186.247.104.149', '13-09-2015'),
(648, '66.249.88.250', '13-09-2015'),
(649, '183.87.113.250', '14-09-2015'),
(650, '95.238.93.120', '14-09-2015'),
(651, '69.61.46.172', '14-09-2015'),
(652, '66.249.79.227', '14-09-2015'),
(653, '66.249.79.234', '14-09-2015'),
(654, '66.249.93.226', '15-09-2015'),
(655, '197.149.194.105', '15-09-2015'),
(656, '177.22.180.49', '15-09-2015'),
(657, '191.247.228.144', '16-09-2015'),
(658, '177.87.162.130', '16-09-2015'),
(659, '66.249.67.190', '16-09-2015'),
(660, '66.249.67.172', '16-09-2015'),
(661, '66.249.67.181', '16-09-2015'),
(662, '66.249.67.246', '16-09-2015'),
(663, '1.186.248.104', '17-09-2015'),
(664, '177.82.107.16', '17-09-2015'),
(665, '79.31.20.250', '18-09-2015'),
(666, '201.48.182.1', '18-09-2015'),
(667, '186.251.124.119', '18-09-2015'),
(668, '177.124.6.28', '19-09-2015'),
(669, '90.25.9.251', '19-09-2015'),
(670, '117.102.34.21', '21-09-2015'),
(671, '138.121.164.7', '21-09-2015'),
(672, '203.125.39.226', '21-09-2015'),
(673, '219.91.166.43', '22-09-2015'),
(674, '191.242.250.252', '22-09-2015'),
(675, '201.9.111.197', '24-09-2015'),
(676, '2.83.30.2', '24-09-2015'),
(677, '177.18.207.70', '24-09-2015'),
(678, '93.56.58.31', '26-09-2015'),
(679, '190.11.3.143', '26-09-2015'),
(680, '219.92.128.146', '27-09-2015'),
(681, '179.212.90.46', '27-09-2015'),
(682, '191.241.145.230', '27-09-2015'),
(683, '189.25.238.228', '27-09-2015'),
(684, '87.0.224.42', '28-09-2015'),
(685, '177.33.119.198', '28-09-2015'),
(686, '79.21.148.171', '28-09-2015'),
(687, '179.235.60.63', '30-09-2015'),
(688, '177.43.42.182', '01-10-2015'),
(689, '41.190.187.10', '01-10-2015'),
(690, '79.109.186.144', '02-10-2015'),
(691, '198.245.51.90', '02-10-2015'),
(692, '187.87.34.168', '03-10-2015'),
(693, '190.237.115.172', '03-10-2015'),
(694, '200.107.93.252', '04-10-2015'),
(695, '179.189.113.154', '04-10-2015'),
(696, '177.5.244.43', '05-10-2015'),
(697, '79.13.122.102', '05-10-2015'),
(698, '187.254.50.20', '05-10-2015'),
(699, '125.24.97.89', '05-10-2015'),
(700, '188.216.203.114', '06-10-2015'),
(701, '181.198.10.170', '06-10-2015'),
(702, '5.9.85.4', '06-10-2015'),
(703, '95.21.123.240', '07-10-2015'),
(704, '201.66.135.230', '08-10-2015'),
(705, '82.231.59.48', '09-10-2015'),
(706, '187.64.79.167', '09-10-2015'),
(707, '144.76.29.162', '09-10-2015'),
(708, '189.39.198.165', '10-10-2015'),
(709, '207.46.13.65', '10-10-2015'),
(710, '169.54.176.1', '11-10-2015'),
(711, '187.109.11.20', '12-10-2015'),
(712, '46.4.89.35', '12-10-2015'),
(713, '186.225.141.10', '13-10-2015'),
(714, '187.114.65.79', '13-10-2015'),
(715, '201.9.234.80', '13-10-2015'),
(716, '109.25.122.197', '13-10-2015'),
(717, '179.7.94.177', '14-10-2015'),
(718, '90.40.111.28', '14-10-2015'),
(719, '197.83.197.11', '15-10-2015'),
(720, '87.2.49.180', '15-10-2015'),
(721, '179.182.169.26', '15-10-2015'),
(722, '85.25.185.155', '17-10-2015'),
(723, '178.137.88.101', '18-10-2015'),
(724, '187.53.249.25', '18-10-2015'),
(725, '189.58.196.95', '18-10-2015'),
(726, '186.216.235.125', '18-10-2015'),
(727, '117.220.94.178', '19-10-2015'),
(728, '197.114.19.97', '19-10-2015'),
(729, '177.102.83.186', '19-10-2015'),
(730, '177.220.234.142', '19-10-2015'),
(731, '62.210.152.89', '20-10-2015'),
(732, '66.249.64.189', '20-10-2015'),
(733, '144.76.8.132', '20-10-2015'),
(734, '81.38.59.252', '20-10-2015'),
(735, '177.81.246.70', '20-10-2015'),
(736, '191.187.211.2', '21-10-2015'),
(737, '201.95.34.112', '21-10-2015'),
(738, '41.100.140.34', '22-10-2015'),
(739, '187.11.212.224', '22-10-2015'),
(740, '186.194.28.110', '22-10-2015'),
(741, '66.249.93.163', '26-10-2015'),
(742, '186.146.4.97', '26-10-2015'),
(743, '86.52.18.3', '27-10-2015'),
(744, '186.219.125.136', '28-10-2015'),
(745, '66.249.64.179', '29-10-2015'),
(746, '189.90.244.62', '30-10-2015'),
(747, '82.232.95.92', '31-10-2015'),
(748, '191.177.58.243', '01-11-2015'),
(749, '150.70.173.6', '01-11-2015'),
(750, '8.28.16.254', '01-11-2015'),
(751, '157.55.39.23', '01-11-2015'),
(752, '177.86.37.50', '01-11-2015'),
(753, '181.1.226.81', '03-11-2015'),
(754, '66.249.74.78', '04-11-2015'),
(755, '66.249.74.82', '04-11-2015'),
(756, '66.249.74.80', '04-11-2015'),
(757, '207.46.13.24', '05-11-2015'),
(758, '73.17.178.76', '05-11-2015'),
(759, '213.37.209.176', '06-11-2015'),
(760, '179.177.38.154', '07-11-2015'),
(761, '59.153.87.34', '09-11-2015'),
(762, '66.249.64.148', '10-11-2015'),
(763, '66.249.64.142', '11-11-2015'),
(764, '92.142.198.35', '12-11-2015'),
(765, '86.199.206.112', '13-11-2015'),
(766, '66.249.66.104', '13-11-2015'),
(767, '66.249.66.100', '14-11-2015'),
(768, '207.46.13.76', '15-11-2015'),
(769, '66.249.66.102', '15-11-2015'),
(770, '217.136.201.66', '16-11-2015'),
(771, '66.249.67.230', '16-11-2015'),
(772, '198.245.49.180', '21-11-2015'),
(773, '88.192.26.71', '22-11-2015'),
(774, '85.6.238.8', '25-11-2015'),
(775, '158.69.22.75', '25-11-2015'),
(776, '151.80.44.115', '26-11-2015'),
(777, '91.194.84.106', '26-11-2015'),
(778, '66.249.73.246', '11-12-2015'),
(779, '66.249.73.238', '12-12-2015'),
(780, '66.249.73.230', '14-12-2015'),
(781, '66.249.65.40', '14-12-2015'),
(782, '66.249.93.82', '21-12-2015'),
(783, '::1', '03-02-2016'),
(784, '31.170.167.6', '24-10-2016'),
(785, '194.230.159.162', '24-10-2016'),
(786, '83.78.7.37', '24-10-2016'),
(787, '84.75.218.121', '24-10-2016'),
(788, '23.101.61.176', '24-10-2016'),
(789, '104.45.18.178', '24-10-2016'),
(790, '66.249.64.183', '24-10-2016'),
(791, '188.62.209.37', '24-10-2016'),
(792, '5.255.250.25', '26-10-2016'),
(793, '178.198.121.162', '26-10-2016'),
(794, '5.255.250.43', '26-10-2016'),
(795, '100.43.85.15', '27-10-2016'),
(796, '66.249.64.187', '27-10-2016'),
(797, '5.255.250.20', '27-10-2016'),
(798, '5.255.250.49', '28-10-2016'),
(799, '141.8.143.233', '29-10-2016'),
(800, '86.6.181.220', '29-10-2016'),
(801, '178.202.214.187', '29-10-2016'),
(802, '5.90.216.189', '29-10-2016'),
(803, '151.66.144.57', '29-10-2016'),
(804, '37.14.249.14', '29-10-2016'),
(805, '151.21.205.171', '29-10-2016'),
(806, '77.100.167.157', '29-10-2016'),
(807, '217.162.34.35', '31-10-2016'),
(808, '5.255.250.34', '01-11-2016'),
(809, '184.173.211.17', '01-11-2016'),
(810, '31.164.7.186', '01-11-2016'),
(811, '184.173.241.47', '01-11-2016'),
(812, '184.173.241.44', '03-11-2016'),
(813, '199.21.99.206', '05-11-2016'),
(814, '141.8.143.194', '06-11-2016'),
(815, '141.8.143.238', '06-11-2016'),
(816, '141.8.143.228', '06-11-2016'),
(817, '5.255.250.17', '06-11-2016'),
(818, '66.249.73.179', '09-11-2016'),
(819, '66.249.73.187', '09-11-2016'),
(820, '66.249.73.183', '09-11-2016'),
(821, '100.43.91.5', '11-11-2016'),
(822, '66.249.65.169', '23-11-2016'),
(823, '77.88.47.45', '24-11-2016'),
(824, '77.88.47.16', '27-11-2016'),
(825, '100.43.81.131', '27-11-2016'),
(826, '157.55.39.6', '27-11-2016'),
(827, '77.88.47.27', '03-12-2016'),
(828, '5.255.250.61', '03-12-2016'),
(829, '37.201.193.230', '03-12-2016'),
(830, '77.88.47.5', '04-12-2016'),
(831, '141.8.143.177', '04-12-2016'),
(832, '100.43.90.10', '05-12-2016'),
(833, '180.76.15.154', '11-12-2016'),
(834, '180.76.15.144', '12-12-2016'),
(835, '66.249.73.247', '13-12-2016'),
(836, '180.76.15.137', '17-12-2016'),
(837, '180.76.15.28', '18-12-2016'),
(838, '180.76.15.159', '18-12-2016'),
(839, '180.76.15.9', '18-12-2016'),
(840, '180.76.15.14', '18-12-2016'),
(841, '180.76.15.135', '18-12-2016'),
(842, '180.76.15.16', '18-12-2016'),
(843, '180.76.15.29', '18-12-2016'),
(844, '180.76.15.18', '19-12-2016'),
(845, '180.76.15.22', '19-12-2016'),
(846, '180.76.15.158', '19-12-2016'),
(847, '180.76.15.160', '19-12-2016'),
(848, '180.76.15.141', '19-12-2016'),
(849, '180.76.15.32', '20-12-2016'),
(850, '66.249.73.250', '22-12-2016'),
(851, '193.70.39.201', '22-12-2016'),
(852, '180.76.15.19', '23-12-2016'),
(853, '63.243.252.88', '24-12-2016'),
(854, '66.249.93.134', '29-12-2016'),
(855, '180.76.15.34', '30-12-2016'),
(856, '180.76.15.27', '30-12-2016'),
(857, '180.76.15.162', '01-01-2017'),
(858, '180.76.15.30', '05-01-2017'),
(859, '199.21.99.202', '05-01-2017'),
(860, '141.8.143.170', '05-01-2017'),
(861, '180.76.15.8', '06-01-2017'),
(862, '180.76.15.139', '06-01-2017'),
(863, '173.234.159.250', '08-01-2017'),
(864, '63.243.252.10', '12-01-2017'),
(865, '217.162.37.127', '13-01-2017'),
(866, '180.76.15.136', '13-01-2017'),
(867, '180.76.15.20', '13-01-2017'),
(868, '180.76.15.161', '13-01-2017'),
(869, '180.76.15.156', '16-01-2017'),
(870, '141.8.143.199', '17-01-2017'),
(871, '5.255.250.60', '17-01-2017'),
(872, '180.76.15.31', '17-01-2017'),
(873, '180.76.15.25', '18-01-2017'),
(874, '180.76.15.7', '18-01-2017'),
(875, '188.255.18.77', '19-01-2017'),
(876, '128.72.229.15', '19-01-2017'),
(877, '66.249.65.163', '21-01-2017'),
(878, '180.76.15.149', '21-01-2017'),
(879, '63.243.252.228', '21-01-2017'),
(880, '180.76.15.21', '21-01-2017'),
(881, '66.249.65.167', '21-01-2017'),
(882, '180.76.15.24', '22-01-2017'),
(883, '188.255.16.240', '22-01-2017'),
(884, '46.188.32.103', '22-01-2017'),
(885, '180.76.15.12', '22-01-2017'),
(886, '95.220.164.93', '23-01-2017'),
(887, '180.76.15.6', '23-01-2017'),
(888, '180.76.15.15', '23-01-2017'),
(889, '180.76.15.138', '23-01-2017'),
(890, '180.76.15.150', '25-01-2017'),
(891, '77.88.47.61', '27-01-2017'),
(892, '77.88.47.96', '28-01-2017'),
(893, '100.43.90.8', '28-01-2017'),
(894, '180.76.15.146', '29-01-2017'),
(895, '180.76.15.145', '30-01-2017'),
(896, '178.195.83.211', '30-01-2017'),
(897, '81.243.23.113', '30-01-2017'),
(898, '141.8.143.137', '02-02-2017'),
(899, '141.8.143.234', '04-02-2017'),
(900, '66.249.93.13', '04-02-2017'),
(901, '40.77.167.9', '05-02-2017'),
(902, '5.3.221.199', '06-02-2017'),
(903, '180.76.15.152', '06-02-2017'),
(904, '188.234.4.17', '07-02-2017'),
(905, '180.76.15.148', '07-02-2017'),
(906, '180.76.15.23', '08-02-2017'),
(907, '180.76.15.10', '08-02-2017'),
(908, '180.76.15.140', '10-02-2017'),
(909, '63.243.252.186', '11-02-2017'),
(910, '180.76.15.163', '12-02-2017'),
(911, '5.255.250.21', '14-02-2017'),
(912, '100.43.91.8', '14-02-2017'),
(913, '180.76.15.155', '16-02-2017'),
(914, '180.76.15.134', '20-02-2017'),
(915, '180.76.15.143', '20-02-2017'),
(916, '180.76.15.142', '21-02-2017'),
(917, '180.76.15.5', '22-02-2017'),
(918, '180.76.15.13', '23-02-2017'),
(919, '180.76.15.26', '24-02-2017'),
(920, '66.249.65.38', '25-02-2017'),
(921, '66.249.65.34', '26-02-2017'),
(922, '178.198.106.87', '27-02-2017'),
(923, '84.226.179.24', '27-02-2017'),
(924, '180.76.15.17', '01-03-2017'),
(925, '180.76.15.33', '01-03-2017'),
(926, '91.56.215.81', '04-03-2017'),
(927, '202.46.52.44', '04-03-2017'),
(928, '180.76.15.11', '08-03-2017'),
(929, '180.76.15.151', '08-03-2017'),
(930, '142.4.218.201', '09-03-2017'),
(931, '207.241.225.227', '14-03-2017'),
(932, '66.249.65.71', '17-03-2017'),
(933, '63.243.252.169', '21-03-2017'),
(934, '5.255.250.99', '26-03-2017'),
(935, '77.88.47.90', '26-03-2017'),
(936, '51.255.46.253', '29-03-2017'),
(937, '46.127.167.3', '29-03-2017'),
(938, '66.249.75.171', '30-03-2017'),
(939, '66.249.66.163', '31-03-2017'),
(940, '68.180.228.152', '03-04-2017'),
(941, '38.122.48.190', '05-04-2017'),
(942, '195.176.241.238', '06-04-2017'),
(943, '77.88.47.40', '07-04-2017'),
(944, '141.8.143.218', '09-04-2017'),
(945, '66.249.66.167', '11-04-2017'),
(946, '46.127.166.75', '12-04-2017'),
(947, '66.249.66.169', '12-04-2017'),
(948, '180.76.15.157', '18-04-2017'),
(949, '68.180.228.111', '19-04-2017');

-- --------------------------------------------------------

--
-- Structure de la table `jal_item`
--

CREATE TABLE `jal_item` (
  `ite_id` int(9) NOT NULL,
  `ite_nom` varchar(50) COLLATE latin1_general_ci NOT NULL,
  `ite_description` varchar(100) COLLATE latin1_general_ci NOT NULL,
  `ite_imageUrl` varchar(100) COLLATE latin1_general_ci NOT NULL
) ENGINE=InnoDB DEFAULT CHARSET=latin1 COLLATE=latin1_general_ci ROW_FORMAT=DYNAMIC;

--
-- Contenu de la table `jal_item`
--

INSERT INTO `jal_item` (`ite_id`, `ite_nom`, `ite_description`, `ite_imageUrl`) VALUES
(1, 'Coiffe de Rabadon', 'normal', 'Coiffe de Rabadon'),
(2, 'Force de la trinité', 'normal', 'Force de la trinite'),
(3, 'Cimeterre mercuriel', 'normal', 'Cimeterre mercuriel'),
(4, 'Soif-de-sang', 'normal', 'Soif-de-sang'),
(5, 'Faux spectrale', 'normal', 'Faux spectrale'),
(6, 'Lame d\'infini', 'normal', 'Lame d\'infini'),
(7, 'Danse de la mort', 'normal', 'Danse de la mort'),
(8, 'Hydre titanesque', 'normal', 'Hydre titanesque'),
(9, 'Sablier de Zhonya', 'normal', 'Sablier de Zhonya'),
(10, 'Hydre vorace', 'normal', 'Hydre vorace'),
(11, 'couperet noir', 'normal', 'couperet noir'),
(12, 'Lame du roi déchu', 'normal', 'Lame du roi dechu'),
(13, 'Pistolame Hextech', 'normal', 'Pistolame Hextech'),
(14, 'Gueule de Malmortius', 'normal', 'Gueule de Malmortius'),
(15, 'Echo de Luden', 'normal', 'Echo de Luden'),
(16, 'Tourment de Liandry', 'normal', 'Tourment de Liandry'),
(17, 'Lame spectre de Youmuu', 'normal', 'Lame spectre de Youmuu'),
(18, 'Sceptre de Rylai', 'normal', 'Sceptre de Rylai'),
(19, 'Fléau de liche', 'normal', 'Fleau de liche'),
(20, 'Maillet gelé', 'normal', 'Maillet gele'),
(21, 'Bâton de l\'archange', 'normal', 'Baton de l\'archange'),
(22, 'Présage de Randuin', 'normal', 'Presage de Randuin'),
(23, 'Dent de Nashor', 'normal', 'Dent de Nashor'),
(24, 'Bâton séculaire', 'normal', 'Baton seculaire'),
(25, 'Voile de la banshee', 'normal', 'Voile de la banshee'),
(26, 'Bannière de commandement', 'normal', 'Banniere de commandement'),
(27, 'Ange gardien', 'normal', 'Ange gardien'),
(28, 'Warmog, armure vivante', 'normal', 'Warmog, armure vivante'),
(29, 'Plaque du mort', 'normal', 'Plaque du mort'),
(30, 'Lame enragée de Guinsoo', 'normal', 'Lame enragee de Guinsoo'),
(31, 'Coeur gelé', 'normal', 'Coeur gele'),
(32, 'Au bout du rouleau', 'normal', 'Au bout du rouleau'),
(33, 'Visage spirituel', 'normal', 'Visage spirituel'),
(34, 'Danseur fantôme', 'normal', 'Danseur fantome'),
(35, 'Portail de Zz\'Rot', 'normal', 'Portail de Zz\'Rot'),
(36, 'Graal impis d\'Athene', 'normal', 'Graal impis d\'Athene'),
(37, 'Cape solaire', 'normal', 'Cape solaire'),
(38, 'Gage de Sterak', 'normal', 'Gage de Sterak'),
(39, 'Salutations de Domionik', 'normal', 'Salutations de Domionik'),
(40, 'Rappel mortel', 'normal', 'Rappel mortel'),
(41, 'Gantelet givrant', 'normal', 'Gantelet givrant'),
(42, 'Bâton du vide', 'normal', 'Baton du vide'),
(43, 'Dénohminateur', 'normal', 'Denohminateur'),
(44, 'Gloire du juste', 'normal', 'Gloire du juste'),
(45, 'Canon ultrarapide', 'normal', 'Canon ultrarapide'),
(46, 'Poignard de Statikk', 'normal', 'Poignard de Statikk'),
(47, 'Ouragan de Runaan', 'normal', 'Ouragan de Runaan'),
(48, 'Médaillon de l\'iron Solari', 'normal', 'Medaillon de l\'iron Solari'),
(49, 'Morellonomicon', 'normal', 'Morellonomicon'),
(50, 'Manamune', 'normal', 'Manamune'),
(51, 'Cotte épineuse', 'normal', 'Cotte epineuse'),
(52, 'Héraut de Zeke', 'normal', 'Heraut de Zeke'),
(53, 'Sceptre abyssal', 'normal', 'Sceptre abyssal'),
(54, 'Creuset de Mikael', 'normal', 'Creuset de Mikael'),
(55, 'Volonte des anciens', 'normal', 'Volonte des anciens'),
(56, 'Encensoir ardent', 'normal', 'Encensoir ardent'),
(57, 'Visage de la montagne', 'normal', 'Visage de la montagne'),
(58, 'Prise de la reine de givre', 'normal', 'Prise de la reine de givre'),
(59, 'Talisman de l\'ascension', 'normal', 'Talisman de l\'ascension'),
(60, 'Oeil de l\'équinoxe', 'normal', 'Oeil de l\'equinoxe'),
(61, 'Oeil de l\'oasis', 'normal', 'Oeil de l\'oasis'),
(62, 'Oeil des Veilleurs', 'normal', 'Oeil des Veilleurs'),
(63, 'Rubis de vision', 'normal', 'Rubis de vision'),
(64, 'Voleur d\'âmes de Mejai', 'normal', 'Voleur d\'ames de Mejai'),
(65, 'Botte de célérité', 'bottes', 'Botte de celerite'),
(66, 'Bottes de mobilité', 'bottes', 'Bottes de mobilite'),
(67, 'Bottes de lucidité', 'bottes', 'Bottes de lucidite'),
(68, 'Jambières du berzerker', 'bottes', 'Jambieres du berzerker'),
(69, 'Chaussures de sorcier', 'bottes', 'Chaussures de sorcier'),
(70, 'Tabi ninja', 'bottes', 'Tabi ninja'),
(71, 'Sandales de Mercure', 'bottes', 'Sandales de Mercure'),
(72, 'Enchantement Dévoreur', 'jungle', 'Enchantement Dévoreur1'),
(73, 'Enchantement Guerrier', 'jungle', 'Enchantement Guerrier1'),
(74, 'Enchantement Titan cendré', 'jungle', 'Enchantement Titan cendre1'),
(75, 'Enchantement Echos runiques', 'jungle', 'Enchantement Echos runiques1'),
(76, 'Enchantement Dévoreur', 'jungle', 'Enchantement Devoreur2'),
(77, 'Enchantement Guerrier', 'jungle', 'Enchantement Guerrier2'),
(78, 'Enchantement Titan cendré', 'jungle', 'Enchantement Titan cendre2'),
(79, 'Enchantement Echos runiques', 'jungle', 'Enchantement Echos runiques2'),
(80, 'Enchantement Dévoreur', 'jungle', 'Enchantement Devoreur3'),
(81, 'Enchantement Guerrier', 'jungle', 'Enchantement Guerrier3'),
(82, 'Enchantement Titan cendré', 'jungle', 'Enchantement Titan cendre3'),
(83, 'Enchantement Echos runiques', 'jungle', 'Enchantement Echos runiques3');

-- --------------------------------------------------------

--
-- Structure de la table `jal_jeu`
--

CREATE TABLE `jal_jeu` (
  `jeu_id` int(11) NOT NULL,
  `jeu_nom` varchar(50) NOT NULL
) ENGINE=InnoDB DEFAULT CHARSET=latin1 ROW_FORMAT=COMPACT;

--
-- Contenu de la table `jal_jeu`
--

INSERT INTO `jal_jeu` (`jeu_id`, `jeu_nom`) VALUES
(1, 'Stronghold'),
(2, 'League Of Legends'),
(3, 'Tintin'),
(4, 'Dofus'),
(5, 'Aladdin'),
(6, 'After Effect');

-- --------------------------------------------------------

--
-- Structure de la table `jal_news`
--

CREATE TABLE `jal_news` (
  `new_id` int(11) NOT NULL,
  `new_titre` varchar(100) NOT NULL,
  `new_description` text NOT NULL,
  `new_date` date NOT NULL,
  `new_jal_id` int(11) NOT NULL
) ENGINE=InnoDB DEFAULT CHARSET=latin1 ROW_FORMAT=DYNAMIC;

--
-- Contenu de la table `jal_news`
--

INSERT INTO `jal_news` (`new_id`, `new_titre`, `new_description`, `new_date`, `new_jal_id`) VALUES
(1, 'Le site est en ligne', 'C\'est fait ! Le site a enfin vu le jour et a été mis en ligne.', '2014-11-30', 1),
(2, 'Cinématique LOL', 'Ajout de quelques cinématiques de League of League réalisées par Riot.\r\nSuite à un problème, il a fallu supprimer ce contenu ...', '2014-11-23', 1),
(3, 'Atrex a mis en ligne une vidéo', 'Atrex a posté une vidéo sur tintin au Tibet', '2014-11-24', 1),
(4, 'Refonte page d\'accueil su site ', 'Boujour tout le monde, <br>\r\nLa première page du site \"accueil\" vient d\'être refaite. Les autres pages arriveront d\'ici peu de temps normalement. <br> n\'oubliez pas de vous abonner ? la chaîne youtube et de visionner les vidéos. <br> ? bientôt', '2014-12-16', 1),
(5, 'Lancement officiel de jallyygames.tk', 'Hello tout le monde, <br><br>\r\nAprès de nombreuses heures à coder, travailler et chercher ces horribles bugs, j\'ai le plaisir de vous annoncez que le site est officiellement terminé.<br><br>\r\nJ\'espère qu\'il vous plaît et qu\'il vous donnera envie de revenir.<br><br>\r\nMaintenant, le prochain objectif est de créer quelques vidéos, principalement sur League of legends. Le temps me manque un peu pour le moment, car ce n\'est pas facile avec les études à côté de ce projet.<br><br>\r\nMerci au abonné de me suivre et ceux qui ne le sont pas vous pouvez vous abonner en cliquant ici <a href=\"https://www.youtube.com/channel/UCcpP45e8ysPFpa-m3DRONkg\" class=\"link\">JallyyGames sur Youtube</a> <br><br>\r\nJallyyGames', '2014-12-17', 1),
(6, 'Maj du site', 'Bonjour à tous,<br><br>\r\n\r\nUne mise à jour du site a été effectuée, après une année sans modification il était temps ! <br><br>\r\nQuelques fonctionnalités ont été supprimées, comme : L\'inscription d\'un nouvel utilisateur, les commentaires sur les vidéos et la zone de contact. Les raisons de ces suppressions sont qu\'elles n’étaient pas utilisées par les internautes.\r\n<br><br>\r\nCordialement,<br><br>\r\nJallyyGames', '2016-02-03', 1),
(7, 'Atrex a sorti une vidéo !', 'Bonjour tout le monde,<br><br>\r\n\r\nAtrex de la team Elvet a sorti une nouvelle vidéo tuto. <br> Il vous explique comment carry une game en ADC, mais aussi pleins de conseils à propos de la bot lane. <br><br> Je vous recomande de la regarder.<br><br>\r\n<a href=\"index.php?video&video_id=48\">vous pouvez voir la vidéo en cliquant ici</a>\r\n<br><br>\r\nBonne vidéo\r\n<br><br> JallyyGames', '2016-02-04', 1),
(8, 'LOL Trolling', 'Cet onglet n\'est pas disponible pour le moment', '2016-10-24', 1),
(9, 'Le site est denouveau opérationnel', 'Bonsoir à tous, <br/> Le site est denouveau opérationelle dans sa totalité.\r\n<br/>\r\nBonne journée à tous', '2016-10-24', 1),
(10, 'FASKLLJ', 'FASLKJFASLKJ', '2017-03-29', 1),
(11, 'faskllkfjlksdakl', 'fdsjalkjaslkflksda', '2017-03-29', 1);

-- --------------------------------------------------------

--
-- Structure de la table `jal_sortinvocateur`
--

CREATE TABLE `jal_sortinvocateur` (
  `sor_id` int(9) NOT NULL,
  `sor_nom` varchar(50) COLLATE latin1_general_ci NOT NULL,
  `sor_trinket` varchar(10) COLLATE latin1_general_ci NOT NULL
) ENGINE=InnoDB DEFAULT CHARSET=latin1 COLLATE=latin1_general_ci ROW_FORMAT=COMPACT;

--
-- Contenu de la table `jal_sortinvocateur`
--

INSERT INTO `jal_sortinvocateur` (`sor_id`, `sor_nom`, `sor_trinket`) VALUES
(1, 'Soins', ''),
(2, 'Fantome', ''),
(3, 'Barriere', ''),
(4, 'Fatigue', ''),
(5, 'Purge', ''),
(6, 'Teleportation', ''),
(7, 'Saut eclair', ''),
(8, 'Embrasement', ''),
(9, 'Chatiment', '');

-- --------------------------------------------------------

--
-- Structure de la table `jal_stream`
--

CREATE TABLE `jal_stream` (
  `str_id` int(11) NOT NULL,
  `str_url` text NOT NULL,
  `str_nom` varchar(100) NOT NULL,
  `str_uti_id` int(11) NOT NULL
) ENGINE=InnoDB DEFAULT CHARSET=latin1 ROW_FORMAT=DYNAMIC;

--
-- Contenu de la table `jal_stream`
--

INSERT INTO `jal_stream` (`str_id`, `str_url`, `str_nom`, `str_uti_id`) VALUES
(1, '', '3v3 ranked gogogo', 1);

-- --------------------------------------------------------

--
-- Structure de la table `jal_utilisateur`
--

CREATE TABLE `jal_utilisateur` (
  `uti_id` int(11) NOT NULL,
  `uti_login` varchar(50) NOT NULL,
  `uti_password` varchar(50) NOT NULL,
  `uti_date` date NOT NULL,
  `uti_email` varchar(100) NOT NULL,
  `uti_type` varchar(50) NOT NULL,
  `uti_nom` varchar(50) NOT NULL
) ENGINE=InnoDB DEFAULT CHARSET=latin1 ROW_FORMAT=COMPACT;

--
-- Contenu de la table `jal_utilisateur`
--

INSERT INTO `jal_utilisateur` (`uti_id`, `uti_login`, `uti_password`, `uti_date`, `uti_email`, `uti_type`, `uti_nom`) VALUES
(1, 'jalley_vincent', '4a7d1ed414474e4033ac29ccb8653d9b', '2014-11-22', 'vincent.jalley@gmail.com', 'admin', 'JallyyGames'),
(2, 'Riot', '4a7d1ed414474e4033ac29ccb8653d9b', '2014-11-24', 'Riot', 'membre', 'Riot'),
(3, 'jalley_valentin', '4a7d1ed414474e4033ac29ccb8653d9b', '2014-11-30', 'jalley_valentin@gmail.com', 'admin', 'Atrex'),
(4, 'disco', '4a7d1ed414474e4033ac29ccb8653d9b', '2014-11-30', 'wapkagut@gmail.com', 'admin', 'Wapkagut'),
(5, 'LaCouilleNoire', '6c640d83597952fafa3b9331c8d558ce', '2014-12-24', 'michael.kopp@laposte.net', 'member', 'LaCouilleNoire'),
(6, 'kamoun2011', 'f8aea98ce20c85b96b1daf58c0c8c6a1', '2014-12-25', 'kamoun2011@hotmail.com', 'member', 'kamouna'),
(7, 'alekos', '0ac6b4bab04cf95fa070ad0a97abe523', '2015-01-23', 'alekoskakos@hotmail.com', 'member', 'Alekos');

-- --------------------------------------------------------

--
-- Structure de la table `jal_video`
--

CREATE TABLE `jal_video` (
  `vid_id` int(10) NOT NULL,
  `vid_date` date NOT NULL,
  `vid_titre` varchar(100) NOT NULL,
  `vid_image` text NOT NULL,
  `vid_description` text NOT NULL,
  `vid_url` text NOT NULL,
  `vid_uti_id` int(11) NOT NULL,
  `vid_jeu_id` int(11) NOT NULL
) ENGINE=InnoDB DEFAULT CHARSET=latin1 ROW_FORMAT=COMPACT;

--
-- Contenu de la table `jal_video`
--

INSERT INTO `jal_video` (`vid_id`, `vid_date`, `vid_titre`, `vid_image`, `vid_description`, `vid_url`, `vid_uti_id`, `vid_jeu_id`) VALUES
(5, '2014-11-30', 'Tintin au Tibet sur Super Nintendo - Stage 1 à 12', 'tintin.jpg', 'Le joueur Atrex a fini pour vous le jeu tintin au Tibet :p', 'https://www.youtube.com/embed/Jmq1OnFf0zo', 3, 3),
(37, '2014-11-30', 'Dofus, Mr-Indestructibl Sadi lvl 186 Menalt', 'sadi1.jpg', 'Présentation de mon vieux Sadida Mr-indestructibl lvl 186 au poutch', 'https://www.youtube.com/embed/A2t8jk2y-P4', 1, 4),
(38, '2014-11-30', 'Dofus, Mr-indestructibl sadi lvl 196 Menalt', 'sadi2.jpg', 'Deuxième présentation de mon sadida', 'https://www.youtube.com/embed/wpuA47UVDZQ', 1, 4),
(39, '2014-12-04', 'Dofus, Mr-indestructibl lvl 200 Sadida Serveur Menalt', 'miniDofus200.jpg', 'Aprés 5 longues années d\'inactivitées, Mr-indestructibl est de retour dans une toute nouvelle vidéo. Cette fois avec son niveau 200!\r\n\r\nBonne vidéo\r\nN\'oubliez pas de vous rendre sur www.jallyy.net16.net pour plus de vidéo !!', 'https://www.youtube.com/embed/1jBleHMQygg', 1, 4),
(40, '2014-12-06', 'Aladdin | MegaDrive | Stage de 1 à 10 | Complet [HD]', 'logo_aladdin.jpg', 'Démonstration complète du jeu Aladdin sur MegaDrive ! 10 niveaux totalement amusants. Je vous recommande vivement de l\'essayer. Bonne vidéo :)', 'https://www.youtube.com/embed/pZVSQPjWQyA', 1, 5),
(41, '2014-12-21', 'PANTHEON MAIN TOP OP IS SO WHAT THE FUCK', 'miniaturePantheon2.jpg', 'Hello tout le monde,\r\nNouvelle vidéo, cette fois-ci avec mon pantheon un petit peu feed :) Bonne vidéo !\r\n', 'https://www.youtube.com/embed/VQt6rn16mas', 1, 2),
(44, '2015-04-07', 'After Effect - sabre laser v1 - JallyyGames ', 'sabreLaser.jpg', 'Salut tout le monde, \r\nJ\'ai testé le logiciel After Effect. Il est vraiment sympa ! avec de l\'imagination on peut en faire de ces choses.\r\nN\'oubliez pas de vous rendre sur http://www.JallyyGames.tk/ pour plus de vidéos !!\r\nBonne vidéo', 'https://www.youtube.com/embed/O3RW94KH4Cs', 1, 6),
(48, '2016-02-04', ' Comment s\'améliorer en adc ? | ELV Atrex [HD]', 'adcAtrex.jpg', 'Bonjour à tous, <br><br>\r\n\r\nj\'ai voulu faire cette vidéo pour partager mon expérience du jeu League of Legends avec vous, pour que vous puissiez augmenter votre niveau en adc.<br><br>\r\n\r\nJ\'espère que la vidéo vous plaira, dites moi si vous l\'avez aimée et bonne vidéo:D<br><br>\r\n\r\nLexique de la vidéo:\r\nAD: dégats physique<br>\r\nAP: Dégats magique<br>\r\n\r\nMon Facebook : https://www.facebook.com/EcorpAtrex/<br>\r\nMon twitch : http://www.twitch.tv/atrex24<br>\r\nE-LVETS : http://elvets.gg/<br>\r\nJallyy: http://www.jallyygames.tk/<br>\r\nWapkagut: http://wapkagut.com/<br>', 'https://www.youtube.com/embed/C0fJkNvEkJI', 3, 2),
(49, '2015-04-19', 'MINIONS FIGHTS !!! LET\'S SEE THIS WAR - JALLYYGAMES', 'standard.jpg', '', 'https://www.youtube.com/embed/xRtS8QLF6Wc', 1, 2),
(50, '2015-04-18', 'TURN UP MY PHONE ... WITH THE LIGHTS OF MY EYES - AFTER EFFECT ', 'standard.jpg', 'Hello, it\'s a old movie but i like so much this one xD i am a Wizard ahahah', 'https://www.youtube.com/embed/PgryGbTXQPo', 1, 6);

--
-- Index pour les tables exportées
--

--
-- Index pour la table `jal_champion`
--
ALTER TABLE `jal_champion`
  ADD PRIMARY KEY (`cha_id`),
  ADD UNIQUE KEY `idChampion` (`cha_id`),
  ADD KEY `idChampion_2` (`cha_id`);

--
-- Index pour la table `jal_compteur`
--
ALTER TABLE `jal_compteur`
  ADD PRIMARY KEY (`com_id`),
  ADD UNIQUE KEY `id_compteur` (`com_id`);

--
-- Index pour la table `jal_item`
--
ALTER TABLE `jal_item`
  ADD PRIMARY KEY (`ite_id`),
  ADD UNIQUE KEY `idItem` (`ite_id`);

--
-- Index pour la table `jal_jeu`
--
ALTER TABLE `jal_jeu`
  ADD PRIMARY KEY (`jeu_id`);

--
-- Index pour la table `jal_news`
--
ALTER TABLE `jal_news`
  ADD PRIMARY KEY (`new_id`),
  ADD KEY `FK jal_id` (`new_jal_id`);

--
-- Index pour la table `jal_sortinvocateur`
--
ALTER TABLE `jal_sortinvocateur`
  ADD PRIMARY KEY (`sor_id`),
  ADD UNIQUE KEY `idSortInvocateur` (`sor_id`);

--
-- Index pour la table `jal_stream`
--
ALTER TABLE `jal_stream`
  ADD PRIMARY KEY (`str_id`),
  ADD KEY `fk str_uti_id` (`str_uti_id`);

--
-- Index pour la table `jal_utilisateur`
--
ALTER TABLE `jal_utilisateur`
  ADD PRIMARY KEY (`uti_id`);

--
-- Index pour la table `jal_video`
--
ALTER TABLE `jal_video`
  ADD PRIMARY KEY (`vid_id`),
  ADD KEY `fk vid_uti_id` (`vid_uti_id`),
  ADD KEY `fk vid_jeu_id` (`vid_jeu_id`);

--
-- AUTO_INCREMENT pour les tables exportées
--

--
-- AUTO_INCREMENT pour la table `jal_compteur`
--
ALTER TABLE `jal_compteur`
  MODIFY `com_id` int(11) NOT NULL AUTO_INCREMENT, AUTO_INCREMENT=950;
--
-- AUTO_INCREMENT pour la table `jal_jeu`
--
ALTER TABLE `jal_jeu`
  MODIFY `jeu_id` int(11) NOT NULL AUTO_INCREMENT, AUTO_INCREMENT=7;
--
-- AUTO_INCREMENT pour la table `jal_news`
--
ALTER TABLE `jal_news`
  MODIFY `new_id` int(11) NOT NULL AUTO_INCREMENT, AUTO_INCREMENT=12;
--
-- AUTO_INCREMENT pour la table `jal_stream`
--
ALTER TABLE `jal_stream`
  MODIFY `str_id` int(11) NOT NULL AUTO_INCREMENT, AUTO_INCREMENT=2;
--
-- AUTO_INCREMENT pour la table `jal_utilisateur`
--
ALTER TABLE `jal_utilisateur`
  MODIFY `uti_id` int(11) NOT NULL AUTO_INCREMENT, AUTO_INCREMENT=8;
--
-- AUTO_INCREMENT pour la table `jal_video`
--
ALTER TABLE `jal_video`
  MODIFY `vid_id` int(10) NOT NULL AUTO_INCREMENT, AUTO_INCREMENT=51;
--
-- Contraintes pour les tables exportées
--

--
-- Contraintes pour la table `jal_news`
--
ALTER TABLE `jal_news`
  ADD CONSTRAINT `fk news vers uti` FOREIGN KEY (`new_jal_id`) REFERENCES `jal_utilisateur` (`uti_id`);

--
-- Contraintes pour la table `jal_stream`
--
ALTER TABLE `jal_stream`
  ADD CONSTRAINT `fk str vers uti` FOREIGN KEY (`str_uti_id`) REFERENCES `jal_utilisateur` (`uti_id`);

--
-- Contraintes pour la table `jal_video`
--
ALTER TABLE `jal_video`
  ADD CONSTRAINT `fk vid vers jeu` FOREIGN KEY (`vid_jeu_id`) REFERENCES `jal_jeu` (`jeu_id`),
  ADD CONSTRAINT `fk vid vers uti` FOREIGN KEY (`vid_uti_id`) REFERENCES `jal_utilisateur` (`uti_id`);

/*!40101 SET CHARACTER_SET_CLIENT=@OLD_CHARACTER_SET_CLIENT */;
/*!40101 SET CHARACTER_SET_RESULTS=@OLD_CHARACTER_SET_RESULTS */;
/*!40101 SET COLLATION_CONNECTION=@OLD_COLLATION_CONNECTION */;
